<?xml version="1.0" encoding="utf-8"?>
<productAdditionalComps>
   <dependsOn>
      <component>
         <name>LotkaVolterra</name>
         <locale/>
         <platformList>
            <platform>maci64</platform>
         </platformList>
         <version>1.01</version>
      </component>
   </dependsOn>
   <isControllingProduct>true</isControllingProduct>
   <platform>maci64</platform>
   <productName>LotkaVolterra</productName>
   <productNumber>5000</productNumber>
   <productVersion>1.01</productVersion>
   <releaseFamily>R2014a</releaseFamily>
</productAdditionalComps>