<?xml version="1.0" encoding="utf-8"?>
<componentData>
   <component>
      <componentBaseName>LotkaVolterra</componentBaseName>
      <componentFileName>test.enc</componentFileName>
      <componentName>LotkaVolterra</componentName>
      <componentVersion>1.01</componentVersion>
      <locale/>
      <numFiles>0</numFiles>
      <platformList>
         <platform>maci64</platform>
      </platformList>
      <releaseFamily>R2014a</releaseFamily>
      <size>0</size>
      <type/>
      <uncompressedBytes>0</uncompressedBytes>
   </component>
</componentData>