<?xml version="1.0" encoding="utf-8"?>
<ApplicationInstallerManifest>
   <DefaultInstallationDirectory>/Applications/stoshastics.net/LotkaVolterra/</DefaultInstallationDirectory>
   <ApplicationName>LotkaVolterra</ApplicationName>
   <ExecutableName>application/LotkaVolterra.exe</ExecutableName>
   <GUID>53765fb4-f707-43b0-b06a-8488eee7a681</GUID>
   <Icon>default_icon_48.png</Icon>
   <SplashScreen>default_splash.png</SplashScreen>
   <Logo>default_logo.png</Logo>
   <Version>1.01</Version>
   <AuthorOrganization>stoshastics.net</AuthorOrganization>
   <Summary>Lotka Volterra simulations.</Summary>
   <WelcomePanelText>LotkaVolterra 1.01
Lotka Volterra simulations.

Application allows to simulate Lotka Volterra process with Markov perturbations.

Viktor Kukurba
vkuku@i.ua</WelcomePanelText>
</ApplicationInstallerManifest>